﻿<?xml version="1.0" encoding="utf-8"?><DEFECTS><DEFECT>
    <SFA>
      <FILEPATH>D:\ziliao\程序设计实践\StudentManagerSystem\</FILEPATH>
      <FILENAME>StudentManagerSystem.cpp</FILENAME>
      <LINE>39</LINE>
      <COLUMN>13</COLUMN>
    </SFA>
    <DEFECTCODE>26819</DEFECTCODE>
    <DESCRIPTION>switch 标签之间的尾随 fallthrough (es.78)。</DESCRIPTION>
    <FUNCTION>start</FUNCTION>
    <DECORATED>?start@@YAXXZ</DECORATED>
    <FUNCLINE>30</FUNCLINE>
    <PATH></PATH>
  </DEFECT></DEFECTS>